permno,ticker,comnam
10006,ACF,A C F INDUSTRIES INC
10030,ABK,ABEX CORP
10057,AMT,ACME CLEVELAND CORP NEW
10078,JAVA,SUN MICROSYSTEMS INC
10102,AN,AIRCO INC
10104,ORCL,ORACLE CORP
10107,MSFT,MICROSOFT CORP
10108,SDS,SUNGARD DATA SYSTEMS INC
10137,AYE,ALLEGHENY ENERGY INC
10138,TROW,T ROWE PRICE GROUP INC
10145,HON,HONEYWELL INTERNATIONAL INC
10147,EMC,E M C CORP MA
10153,AH,ALLIS CHALMERS CORP
10161,AMX,AMAX INC
10196,AF,AMERICAN & FGN PWR INC
10209,AHD,AMERICAN AGRIC CHEM CO
10225,BEAM,BEAM INC
10233,ABC,AMERICAN BROADCASTING COS INC
10241,PA,PRIMERICA CORP
10276,ACS,AMERICAN CRYSTAL SUGAR CO
10292,ACJ,AMERICAN CHICLE CO
10299,LLTC,LINEAR TECHNOLOGY CORP
10321,AMO,AMERICAN MOTORS CORP
10324,GENZ,GENZYME CORP
10353,SXCL,STEEL EXCEL INC
10364,AR,ASARCO INC
10372,AST,AMERICAN STANDARD INC
10401,T,A T & T CORP
10436,ZA,AMERICAN ZINC CO
10452,,AMERICAN WOOLEN CO
10479,ASR,AMSTAR CORP
10487,AD,AMSTED INDUSTRIES INC
10495,A,ANACONDA CO
10516,ADM,ARCHER DANIELS MIDLAND CO
10524,AM,ARMOUR & CO
10559,DG,ASSOCIATED DRY GOODS CORP
10562,SOV,SOVEREIGN BANCORP INC
10575,ASF,ATCHISON TOPEKA & SANTA FE RY CO
10591,AX,ATLANTIC COAST LINE RR CO
10604,ARC,ATLANTIC RICHFIELD CO
10623,FRC,FIRST REPUBLIC BANK S F
10693,EHC,ENCOMPASS HEALTH CORP
10696,FI,FISERV INC
10725,CF,CHARTER ONE FINANCIAL INC
10727,BYK,BAYUK CIGARS INC
10735,BLS,BEECH NUT LIFE SAVERS INC
10751,BX,BENDIX CORP
10778,,BEST FOODS INC
10786,BS,BETHLEHEM STEEL CORP
10791,SGI,SILICON GRAPHICS INC
10807,BG,BRIGGS MFG CO
10823,KSE,KEYSPAN ENERGY CORP
10831,,BROOKLYN EDISON INC
10858,,BROOKLYN MANHATTAN TRAN CORP
10866,CAL,CALERES INC
10874,BC,BRUNSWICK CORP
10890,UIS,UNISYS CORP
10909,CERN,CERNER CORP
10942,CMVT,COMVERSE TECHNOLOGY INC
10970,CIT,C I T FINANCIAL CORP
10989,BFO,BESTFOODS
11033,CAH,CALUMET & HECLA INC
11042,WCOM,WORLDCOM INC GA NEW
11068,JI,CASE J I CO
11081,DELL,DELL INC
11092,CDP,CERRO CORP
11148,CNN,CHAMPLAIN NATIONAL CORP
11156,CO,CHESSIE SYSTEM INC
11164,CGG,CHICAGO PNEUMATIC TOOL CO
11199,,CHICAGO & NORTH WESTN RY CO
11260,C,CHRYSLER CORP
11287,CITA,CITADEL INDUSTRIES INC
11295,CLU,CLUETT PEABODY & CO INC
11308,KO,COCA COLA CO
11332,COT,COLT INDUSTRIES INC DE
11340,CG,COLUMBIA ENERGY GROUP
11359,,COLUMBIAN CARBON CO
11367,CC,COMMERCIAL CR CO
11375,COG,CONGOLEUM NAIRN INC
11391,CDR,CONSOLIDATED CIGAR CORP
11403,CDNS,CADENCE DESIGN SYSTEMS INC
11404,ED,CONSOLIDATED EDISON INC
11415,BRL,BARR PHARMACEUTICALS INC
11439,CSC,CONSOLIDATION COAL INC PA
11447,CCC,CONTINENTAL GROUP INC
11471,CLL,CONOCO INC
11527,XA,CRUCIBLE STL CO AMER
11533,FICO,FAIR ISAAC CORP
11543,CUD,CUDAHY CO
11552,CELG,CELGENE CORP
11600,XRAY,DENTSPLY SIRONA INC
11607,DCN,DANA CORP
11618,FAST,FASTENAL CO
11626,MCAWA,MCCAW CELLULAR COMMS INC
11658,DEL,DEL MONTE CORP
11666,,DELAWARE LACK & WESTN RR CO
11674,DTE,D T E ENERGY CO
11682,,DODGE BROS INC
11690,DM,DOME MINES LTD
11703,DD,DU PONT E I DE NEMOURS & CO
11746,ESB,E S B INC
11754,EK,EASTMAN KODAK CO
11762,ETN,EATON CORP
11770,ET,ELECTRIC AUTOLITE CO
11786,SIVB,S V B FINANCIAL GROUP
11789,,ELECTRIC PWR & LT CORP
11826,EJN,ENDICOTT JOHNSON CORP
11834,E,ERIE LACKAWANNA RY CO
11850,XOM,EXXON MOBIL CORP
11891,MGM,M G M RESORTS INTERNATIONAL
11896,MXIM,MAXIM INTEGRATED PRODUCTS INC
11949,FST,FIRST NATIONAL STORES INC
11955,WM,WASTE MANAGEMENT INC DEL
11970,APCC,AMERICAN POWER CONVERSION CORP
11976,BMC,B M C SOFTWARE INC
11981,FT,FREEPORT MINERALS CO
11983,BGEN,BIOGEN INC
11990,KKR,K K R & CO INC
11997,CMCSK,COMCAST CORP
12044,CBO,CULBRO CORP
12052,GD,GENERAL DYNAMICS CORP
12060,GE,GENERAL ELECTRIC CO
12062,LH,LABCORP HOLDINGS INC
12067,NVLS,NOVELLUS SYSTEMS INC
12073,PBCT,PEOPLES UNITED FINANCIAL INC
12079,GM,GENERAL MOTORS CORP
12095,GSX,GENERAL SIGNAL CORP
12124,GMBL,GIMBEL BROTHERS INC
12140,GR,GOODRICH CORP
12167,GUX,GRAND UNION CO
12183,GN,GREAT NORTHERN RAILWAY CO
12191,GSW,GREAT WESTN SUGAR CO
12212,,GUANTANAMO SUGAR CO
12220,GFO,GULF MOBILE & OHIO RR CO
12298,HRZ,HERTZ CORP
12308,CHTR,CHARTER COMMUNICATIONS INC NEW
12319,HM,HOMESTAKE MINING CO
12343,HW,HOWMET CORP
12369,GM,GENERAL MOTORS CO
12394,IL,ILLINOIS CENT RR CO
12431,IR,INGERSOLL RAND CO
12448,FRC,FIRST REPUBLIC BANK S F NEW
12449,CPAY,CORPAY INC
12456,MMI,MOTOROLA MOBILITY HOLDINGS INC
12458,RYI,RYERSON INC
12466,IC,INSPIRATION CONSOLIDATED CPPR CO
12474,,INTERBOROUGH RAPID TRAN CO
12476,TRGP,TARGA RESOURCES CORP
12490,IBM,INTERNATIONAL BUSINESS MACHS COR
12503,NAV,NAVISTAR INTERNATIONAL CORP
12511,MKG,MALLINCKRODT INC NEW
12558,KMI,KINDER MORGAN INC
12570,ITT,I T T INC
12591,APO,APOLLO GLOBAL MANAGEMENT INC NEW
12618,,INTERTYPE CORP
12622,HCA,H C A HEALTHCARE INC
12623,HII,HUNTINGTON INGALLS INDS INC
12626,JWL,JEWEL COMPANIES INC
12650,KSU,KANSAS CITY SOUTHERN
12669,KYR,KAYSER ROTH CORP
12706,KN,KENNECOTT CORP
12730,KRA,KRAFT INC
12749,KM,K MART CORP
12757,KSC,KRESS S H & CO
12781,SR,SPIRE INC
12810,LV,LEHIGH VALLEY RR CO
12837,LGT,LIGGETT GROUP INC
12872,MPC,MARATHON PETROLEUM CORP
12888,LCE,LONE STAR INDUSTRIES INC
12896,LL,LORILLARD CORP
12909,LN,LOUISVILLE & NASHVILLE RR CO
12933,MEI,M E I DIVERSIFIED INC
12941,MQ,MACK TRUCKS INC
12976,MZ,MACY R H & CO INC
12981,FBIN,FORTUNE BRANDS INNOVATIONS INC
13004,,MANATI SUGAR CO
13012,MHT,MANHATTAN INDUSTRIES INC
13035,XYL,XYLEM INC
13056,AM,AMERICAN GREETINGS CORP
13063,M,MARCOR INC
13100,MAY,MAY DEPARTMENT STORES CO
13119,MYG,MAYTAG CORP
13141,WPX,W P X ENERGY INC
13143,GRH,M G M GRAND HOTELS INC
13151,,MIAMI COPPER CO
13168,TRIP,TRIPADVISOR INC
13207,KT,MISSOURI KANSAS TEXAS RR CO
13210,EPAM,EPAM SYSTEMS INC
13274,MRW,MOTOR WHEEL CORP
13290,WEAR,PREMIUMWEAR INC
13303,NL,N L INDUSTRIES INC
13311,NAB,NABISCO INC
13323,ENPH,ENPHASE ENERGY INC
13354,CUE,QUANTUM CHEMICAL CORP
13356,PSX,PHILLIPS 66
13362,,NATIONAL PWR & LT CO
13370,NTY,NATIONAL TEA CO
13389,,NATIONAL SUPPLY CO PA
13407,META,META PLATFORMS INC
13434,CN,NEW YORK CENT RR CO
13442,NKP,NEW YORK CHICAGO & ST LOUIS RR
13447,NOW,SERVICENOW INC
13511,PANW,PALO ALTO NETWORKS INC
13522,NFK,NORFOLK & WESTERN RAILWAY CO
13549,,NORTH AMERICAN CO
13565,NTS,NORTH AMERICAN SUGAR INDS INC
13567,ADT,A D T CORP
13573,NP,NORTHERN PACIFIC RAILWAY CO
13598,KRFT,KRAFT FOODS GROUP INC
13610,OLN,OLIN CORP
13628,WDAY,WORKDAY INC
13637,OT,OTIS ELEVATOR CO
13641,FANG,DIAMONDBACK ENERGY INC
13661,OI,OWENS ILLINOIS INC
13688,PCG,P G & E CORP
13696,PAC,PACIFIC TELEPHONE & TELEG CO
13721,ABBV,ABBVIE INC
13788,ZTS,ZOETIS INC
13792,PC,PENN CENTRAL CO
13805,PFK,PENICK & FORD LTD
13821,PGL,PEOPLES ENERGY CORP
13856,PEP,PEPSICO INC
13864,,PERE MARQUETTE RY CO
13901,MO,ALTRIA GROUP INC
13911,IQV,IQVIA HOLDINGS INC
13928,COP,CONOCOPHILLIPS
13936,PVH,P V H CORP
13949,CDW,C D W CORP NEW
13963,NWSA,NEWS CORP NEW
13964,NWS,NEWS CORP NEW
13983,COTY,COTY INC
14008,AMGN,AMGEN INC
14058,,PUBLIC SVC CORP
14066,PU,PULLMAN INC
14090,RCA,R C A CORP
14154,RDGE,READING ENTERTAINMENT INC
14189,RS,REPUBLIC STEEL CORP
14218,RJR,R J R NABISCO INC
14250,SJO,ST JOE MINERALS CORP
14295,TWTR,TWITTER INC
14314,,SEABOARD OIL CO
14322,S,SEARS ROEBUCK & CO
14323,ANDW,ANDREW CORP
14338,HLT,HILTON WORLDWIDE HOLDINGS INC
14357,SUO,SHELL OIL CO
14402,SIM,SIMMONS CO
14429,L,SINCLAIR OIL CORP
14461,SNSTA,SONESTA INTERNATIONAL HOTELS CP
14488,PSU,SOUTH P R SUGAR CO
14496,SX,SOUTHERN PACIFIC CO
14509,SR,SOUTHERN RAILWAY CO
14525,SY,SPERRY CORP
14533,SB,STANDARD BRANDS INC
14541,CVX,CHEVRON CORP NEW
14542,GOOG,ALPHABET INC
14568,,STANDARD GAS & ELEC CO
14579,PAYC,PAYCOM SOFTWARE INC
14592,STY,STERLING DRUG INC
14593,AAPL,APPLE INC
14601,NAVI,NAVIENT CORP
14605,STX,STEWART WARNER CORP
14613,SK,STUDEBAKER CORP
14656,SUN,SUNOCO INC
14664,SUS,SUNSHINE BISCUITS INC
14699,SZ,SYMINGTON WAYNE CORP
14702,AMAT,APPLIED MATERIALS INC
14714,ANET,ARISTA NETWORKS INC
14728,TCC,TENNESSEE CORP
14736,TX,TEXACO INC
14760,TG,TEXASGULF INC
14763,CTLT,CATALENT INC
14776,SYF,SYNCHRONY FINANCIAL
14779,TS,TEXAS PAC COAL & OIL CO
14795,TKR,TIMKEN CO
14816,TR,TOOTSIE ROLL INDS INC
14832,,TRANS UTD INDS INC
14859,TF,TWENTIETH CENTURY FOX FILM CORP
14867,UV,U V INDUSTRIES INC
14875,UNX,UNDERWOOD CORP
14882,CZR,CAESARS ENTERTAINMENT INC DE
14883,UCC,UNION CAMP CORP
14889,CFG,CITIZENS FINANCIAL GROUP INC
14891,UCL,UNOCAL CORP
14904,UP,UNION PACIFIC RAILROAD CO
14912,R,UNIROYAL INC
14939,KEYS,KEYSIGHT TECHNOLOGIES INC
14955,CQB,CHIQUITA BRANDS INTL INC
15042,USL,UNITED STS LINES CO N V
15069,MRO,MARATHON OIL CORP
15077,UST,U S T INC
15085,,UNITED STS HOFFMAN MACHY CORP
15149,VCA,VANADIUM CORP AMER
15157,VRT,VAN RAALTE CO
15165,VC,VIRGINIA CAROLINA CHEM CORP
15202,VMC,VULCAN MATERIALS CO
15237,WW,WALWORTH CO
15272,SEDG,SOLAREDGE TECHNOLOGIES INC
15291,ETSY,ETSY INC
15315,GDDY,GODADDY INC
15317,WMRY,WESTERN MARYLAND RY CO
15325,NVL,NEW VALLEY CORP
15341,WK,WESTINGHOUSE AIR BRAKE CO
15368,CBS,C B S CORP
15401,BXLT,BAXALTA INC
15404,CPGX,COLUMBIA PIPELINE GROUP INC
15408,KHC,KRAFT HEINZ CO
15448,WIL,WILSON & CO INC
15456,FL,FOOT LOCKER INC
15464,WTH,WORTHINGTON CORP
15472,WWY,WRIGLEY WILLIAM JR CO
15480,YAT,YALE & TOWNE MFG CO
15488,PYPL,PAYPAL HOLDINGS INC
15499,YB,YOUNGSTOWN SHEET & TUBE CO
15528,CV,COMMERCIAL SOLVENTS CORP
15536,ICR,ISLAND CREEK COAL CO
15544,MS,MCCRORY CORP
15553,GAS,A G L RESOURCES INC
15560,RSH,RADIOSHACK CORP
15579,TXN,TEXAS INSTRUMENTS INC
15659,UK,UNION CARBIDE CORP
15667,WYE,WYETH
15704,,AMERICAN PWR & LT CO
15707,HPE,HEWLETT PACKARD ENTERPRISE CO
15712,CK,COLLINS & AIKMAN CORP
15719,FCPT,FOUR CORNERS PROPERTY TRUST INC
15720,EIX,EDISON INTERNATIONAL
15747,IK,INTERLAKE CORP
15763,AMF,A M F INC
15797,CSRA,C S R A INC
15819,CI,CONTINENTAL BAKING CO
15835,CD,CANADA DRY CORP
15843,ABA,AMERICAN BAKERIES CO
15850,MTCH,MATCH GROUP INC NEW
15915,CSCS,CONTINENTAL STEEL CORP DE
15966,MOB,MOBIL CORP
15974,ABG,AMERICAN SHIP BLDG CO
15980,UA,UNDER ARMOUR INC
16029,DN,DIAMOND INTERNATIONAL CORP
16044,NGVT,INGEVITY CORP
16087,FTV,FORTIVE CORP
16088,WSW,WHITE CONSOLIDATED INDS INC
16109,GF,GENERAL FOODS CORP
16176,,COMMONWEALTH PWR CORP
16205,TV,TIDEWATER OIL CO
16256,NAS,CONDE NAST PUBNS INC
16267,DVMT,DELL TECHNOLOGIES INC
16276,ASIX,ADVANSIX INC
16279,VSM,VERSUM MATERIALS INC
16280,KW,KELSEY HAYES CO
16336,IQ,QUESTOR CORP
16343,YUMC,YUM CHINA HOLDINGS INC
16344,TMC,THATCHER GLASS MFG CO
16347,AA,ALCOA CORP
16360,PSY,PILLSBURY CO
16424,G,GILLETTE CO
16431,LW,LAMB WESTON HOLDINGS INC
16432,GT,GOODYEAR TIRE & RUBBER CO
16544,BIVV,BIOVERATIV INC
16571,BN,BORDEN INC
16598,GK,G K TECHNOLOGIES INC
16600,HSY,HERSHEY CO
16619,KBR,KEEBLER CO
16651,BCW,BECOR WESTERN INC
16678,KR,KROGER CO
16686,MLL,MC CALL CORP
16692,IR,INGERSOLL RAND INC
16707,MAN,MANVILLE CORP
16723,CNR,CONTAINER CORP AMER
16731,LPT,LEHIGH PORTLAND CEM CO
16736,VST,VISTRA CORP
16758,CH,CUTLER HAMMER INC
16803,NAC,NATIONAL CAN CORP
16816,BHF,BRIGHTHOUSE FINANCIAL INC
16851,DD,DUPONT DE NEMOURS INC
16870,PET,PACIFIC ENTERPRISES
16926,CMIL,CANNON MILLS CO
16969,GTY,GRANT W T CO
17005,CVS,C V S HEALTH CORP
17013,SM,SPIEGEL INC
17048,WB,WARNER BROS PICTURES INC
17056,HLN,HOLLAND FURNACE CO
17064,,INDUSTRIAL RAYON CORP
17099,UCC,UNITED ELEC COAL COS
17128,ZB,CROWN ZELLERBACH CORP
17137,BSET,BASSETT FURNITURE INDUSTRIES INC
17144,GIS,GENERAL MILLS INC
17216,,WESSON OIL & SNOWDRIFT INC
17232,AGG,AGUIRRE CO
17267,PET,PET INC
17278,AAV,AVATEX CORP
17279,LO,LORILLARD INC
17291,SA,SAFEWAY STORES INC
17304,ALS,ALLIED STORES CORP
17312,CLO,CELOTEX CORP
17340,TGR,TIGER INTERNATIONAL INC
17398,,TRUAX TRAER COAL CO
17419,,AMERICAN HAWAIIAN SS CO
17435,EVY,EVANS PRODUCTS CO
17451,LKB,LINK BELT CO
17478,SPGI,S & P GLOBAL INC
17486,,SPENCER KELLOGG & SONS INC
17515,CPC,CURTIS PUBLISHING CO
17558,ASC,AMERICAN STORES CO
17566,AS,ARMCO INC
17582,BHL,BOHN ALUM & BRASS CORP
17590,BOR,BORG WARNER CORP
17603,,CLETRAC CORP
17646,RVB,REVERE COPPER & BRASS INC
17654,RKS,ROCKWELL STD CORP
17689,AWC,ANACONDA WIRE & CABLE CO
17700,DAY,DAYFORCE INC
17718,BLD,BULLARD CO
17726,CCK,CROWN HOLDINGS INC
17742,HH,HOUDAILLE INDUSTRIES INC
17743,WRB,BERKLEY W R CORP
17750,KMB,KIMBERLY CLARK CORP
17783,CHX,CHAMPIONX CORP
17806,PD,PHELPS DODGE CORP
17830,RTX,R T X CORP
17849,U,UNITED CORP
17881,MTI,MOTEC INDS INC
17929,UGI,U G I CORP NEW
17942,KDP,KEURIG DR PEPPER INC
17953,BRY,BEATRICE CO
17961,BGG,BRIGGS & STRATTON CORP
18016,HPC,HERCULES INC
18032,SPP,SCOTT PAPER CO
18065,GTX,GARRETT MOTION INC
18067,ZE,ZENITH ELECTRONICS CORP
18091,CW,CURTISS WRIGHT CORP
18092,BMET,BIOMET INC
18112,FWC,FOSTER WHEELER CORP
18142,REZI,RESIDEO TECHNOLOGIES INC
18147,ANV,AEROQUIP VICKERS INC
18163,PG,PROCTER & GAMBLE CO
18171,SE,SERVEL INC
18198,SW,STONE & WEBSTER INC
18267,DELL,DELL TECHNOLOGIES INC
18278,ISS,INTERCO INC
18312,MRNA,MODERNA INC
18315,SGIB,SLATTERY GROUP INC
18327,CVET,COVETRUS INC
18331,BF,BUDD CO
18366,,HERCULES MTRS CORP
18374,HON,HONEYWELL INC
18382,PHA,PHARMACIA CORP
18390,NEB,NEISNER BROTHERS INC
18403,JCP,PENNEY J C CO INC
18411,SO,SOUTHERN CO
18420,FOXA,FOX CORP
18421,FOX,FOX CORP
18428,DOW,DOW INC
18446,CKL,CLARK EQUIPMENT CO
18454,,CREAM OF WHEAT CORP
18542,CAT,CATERPILLAR INC
18550,FDS,FEDERATED DEPARTMENT STORES INC
18551,BOAT,BOATMENS BANCSHARES INC
18569,FIR,FIRESTONE INC
18576,UBER,UBER TECHNOLOGIES INC
18578,KTB,KONTOOR BRANDS INC
18585,HPG,HALL W F PRINTING CO
18592,CTVA,CORTEVA INC
18649,BCO,BRINKS CO
18681,TRW,T R W INC
18726,CRWD,CROWDSTRIKE HOLDINGS INC
18729,CL,COLGATE PALMOLIVE CO
18825,ACN,AMERICAN CHAIN & CABLE INC
18841,BK,BLAW KNOX CO
18868,,ENGINEERS PUB SVC CO
18884,MF,MARSHALL FIELD & CO DE
18921,RLM,REYNOLDS METALS CO
18948,ROK,ROCKWELL INTERNATIONAL CORP
18980,AM,A M INTERNATIONAL INC
18999,CSP,COMBUSTION ENGINEERING INC
19019,NS,NATIONAL STEEL CORP
19027,CZ,CELANESE CORP
19051,TA,TRANSAMERICA CORP
19107,LNY,LANE BRYANT INC
19131,USG,U S G CORP
19166,FMC,F M C CORP
19174,GH,GENERAL HOST CORP
19203,D,DOUGLAS AIRCRAFT INC
19211,LIL,LILY TULIP CUP CORP
19238,WHX,WHEELING PITTSBURGH CORP
19254,DI,DRESSER INDUSTRIES INC
19270,BGS,BIGELOW SANFORD INC
19285,CARR,CARRIER GLOBAL CORP
19286,OTIS,OTIS WORLDWIDE CORP
19297,CPS,COLUMBIA PICTURES INDS INC DE
19334,WH,WHITE MOTOR CORP
19350,DE,DEERE & CO
19377,BNL,BENEFICIAL CORP
19385,SH,SCHENLEY INDUSTRIES INC
19393,BMY,BRISTOL MYERS SQUIBB CO
19414,GET,GETTY OIL CO
19430,RXM,RICHARDSON MERRELL INC
19502,WBA,WALGREENS BOOTS ALLIANCE INC
19510,JJN,NEWBERRY J J CO
19537,NCR,N C R CORP
19553,AN,AMOCO CORP
19561,BA,BOEING CO
19589,BRNO,BRUNOS INC
19596,UAL,U A L CORP
19617,TWA,TRANS WORLD AIRLINES INC
19625,,BRIDGEPORT BRASS CO
19668,AUD,ALDENS INC
19684,CGH,CLEVITE CORP
19692,ACK,ARMSTRONG HOLDINGS INC
19713,ESM,ESMARK INC
19721,VVI,VIAD CORP
19756,LJ,LIBBY MC NEILL & LIBBY
19764,AMDA,ARMADA CORP
19772,KSP,K V P SUTHERLAND PAPER CO
19788,PLTR,PALANTIR TECHNOLOGIES INC
19807,VNT,VONTIER CORP
19828,WEN,WENDYS CO
19836,,GREEN H L INC
19844,RBR,RUBEROID CO
19879,FBD,FIBREBOARD CORP
19887,HLYS,HOLLY SUGAR CORP
19895,MEA,MEAD CORP
19932,WKU,WAUKESHA MTR CO
19940,HIR,WALKER HIRAM GOODERHAM & WORTS
19959,,FAJARDO SUGAR CO P R
19967,GBL,GOEBEL BREWING CO
20001,PDC,PARKE DAVIS & CO
20036,CPP,CHAMPION PAPERS INC
20053,SNV,SYNOVUS FINANCIAL CORP
20057,VTRS,VIATRIS INC
20079,SQD,SQUARE D CO
20095,MPH,MURPHY G C & CO
20108,,DIXIE CUP CO
20124,HI,HOUSEHOLD INTERNATIONAL INC
20167,FO,FLINTKOTE CO
20190,ABNB,AIRBNB INC
20204,CXT,CRANE N X T CO
20220,BDK,BLACK & DECKER CORP
20239,ELG,EL PASO CO
20263,MGR,MCGRAW EDISON CO
20298,TR,TEXAS GULF PRODUCING CO
20343,ROP,ROPER CORP
20386,MNC,MASONITE CORP
20391,TPL,TEXAS PACIFIC LAND CORP
20394,OM,OUTBOARD MARINE CORP
20407,SVC,STOKELY VAN CAMP INC
20415,JEF,JEFFERIES FINANCIAL GROUP INC
20431,ATS,ASSOCIATES INVESTMENT CO
20474,SCM,S C M CORP
20482,ABT,ABBOTT LABORATORIES
20503,MUB,MUELLER BRASS CO
20511,RMC,RELIANCE MFG CO
20554,,D T M CORP
20562,ML,MARTIN MARIETTA CORP NEW
20570,NG,NATIONAL GYPSUM CO
20626,DOW,DOW CHEMICAL CO
20650,,WAYNE PUMP CO
20677,BUR,BURLINGTON INDUSTRIES INC
20714,BNDN,BOND INDUSTRIES INC
20730,CBS,C B S INC
20810,,CLIMAX MOLYBDENUM CO
20853,UCM,UNICOM CORP HOLDING CO
20909,XLO,EX CELL O CORP
20976,EAL,EASTERN AIR LINES INC
20984,PN,PAN AM CORP
20992,CTN,CHEMETRON CORP
21004,GTE,G T E CORP
21020,AAL,AMERICAN AIRLINES GROUP INC
21055,GCO,GENESCO INC
21119,RCB,REXNORD INC
21124,OGN,ORGANON & CO
21151,CNEO,CUNEO PRESS INC
21178,LMT,LOCKHEED MARTIN CORP
21186,WRK,WESTROCK CO
21194,AIC,AMERICAN INVESTMENT CO
21207,NEM,NEWMONT CORP
21223,,VIRGINIAN RY CO
21231,WGL,W G L HOLDINGS INC
21266,MCK,MC KESSON & ROBBINS INC
21274,GQ,GRUMMAN CORP
21282,CCN,CHRIS CRAFT INDS INC
21290,CDD,CORDANT TECHNOLOGIES INC
21303,RCC,ROYAL CROWN COS INC
21338,FMO,FEDERAL MOGUL CORP
21346,FFS,FOOD FAIR INC
21370,IPL,IPALCO ENTERPRISES INC
21371,CAH,CARDINAL HEALTH INC
21397,CHA,CHAMPION INTERNATIONAL CORP
21418,NND,NEWPORT NEWS SHIPBUILDING
21426,,PHILCO CORP
21434,COG,CONGOLEUM CORP
21450,SRD,STANDARD OIL CO OH
21469,CGW,CHICAGO GREAT WESTN RY CO
21485,NWA,N W A INC
21514,SNT,SONAT INC
21522,FTR,FRUEHAUF CORP
21530,JL,JONES & LAUGHLIN STL CORP
21549,AVC,A V C CORP
21557,JOY,JOY MANUFACTURING CO
21573,IP,INTERNATIONAL PAPER CO
21645,AEX,AMERICAN EXPT ISBRANDTSEN LINES
21688,,SYLVANIA ELEC PRODS INC
21709,SOC,SUPERIOR OIL CO
21768,GO,GULF CORP
21776,EXC,EXELON CORP
21784,,CORNELL DUBILIER ELEC CORP
21792,CNP,CENTERPOINT ENERGY INC
21821,CNG,CONSOLIDATED NATURAL GAS CO
21872,EPI,EAGLE PICHER INDS INC
21901,RMB,ROYAL MC BEE CORP
21928,IDA,IDACORP INC
21936,PFE,PFIZER INC
21979,CBE,COOPER INDUSTRIES INC
21995,NWT,NORTHWEST INDUSTRIES INC
22007,GDC,GARDNER DENVER CO
22015,,VERTIENTES CAMAGUEY SUGAR CO
22023,GWO,GENESIS WORLDWIDE INC
22032,CBSS,COMPASS BANCSHARES INC
22066,NSI,NATIONAL SERVICE INDUSTRIES INC
22074,VON,VONS COMPANIES INC
22082,PEL,PANENERGY CORP
22103,EMR,EMERSON ELECTRIC CO
22111,JNJ,JOHNSON & JOHNSON
22138,SOO,SOO LINE CORP
22170,KOP,KOPPERS CO
22189,NAL,NATIONAL AIRLINES INC
22218,WPI,WESTERN PACIFIC INDS INC DE
22242,ERP,EMERSON RADIO & PHONOGRAPH CORP
22250,HMX,HARTMARX CORP
22293,GLW,CORNING INC
22306,RA,R A C CORP
22330,NSU,NATIONAL SUGAR REFNG CO
22365,HEW,HEWITT ROBINS INC
22381,RUP,RUPPERT JACOB CO
22402,ST,CHICAGO MILWAUKEE ST PAUL & PAC
22410,SCI,SEABOARD COAST LINE INDS INC
22429,WD,WARD FOODS INC
22461,MMR,MOORE MCCORMACK RESOURCES INC
22488,ADL,ADMIRAL CORP
22496,FPC,FLORIDA PROGRESS CORP
22509,PPG,P P G INDUSTRIES INC
22517,PPL,P P L CORP
22533,CRR,CARRIER CORP
22541,GPU,G P U INC
22568,GLD,GOULD INC
22592,MMM,3M CO
22613,NCE,NEW CENTURY ENERGIES INC
22621,REP,REPUBLIC CORP
22623,CEG,CONSTELLATION ENERGY CORP
22648,DOC,DOCTOR PEPPER CO
22680,MZ,MILACRON INC
22699,DAY,DAY INTERNATIONAL
22728,LST,LOWENSTEIN M CORP
22752,MRK,MERCK & CO INC NEW
22753,CHRS,CHARMING SHOPPES INC
22760,MOH,MOHASCO CORP
22779,MSI,MOTOROLA SOLUTIONS INC
22787,PUL,PUBLICKER INDUSTRIES INC
22808,EWB,BLISS E W CO
22840,HSH,HILLSHIRE BRANDS CO
22859,DPL,D P L INC
22875,,FIRTH CARPET CO
22891,MST,MERCANTILE STORES INC
22920,ITC,INGREDIENT TECHNOLOGY CORP
22939,CANT,CANTEEN CORP
22947,CIN,CINERGY CORP
22976,WBD,WARNER BROS DISCOVERY INC
23018,MAG,MAGNAVOX CO
23026,FE,FIRSTENERGY CORP
23050,RVS,REEVES BROTHERS INC
23077,HNZ,HEINZ H J CO
23085,SCG,SCANA CORP NEW
23114,PGN,PROGRESS ENERGY INC
23130,FN,ST LOUIS SAN FRANCISCO RY CO
23165,,LEES JAMES & SONS CO
23173,,MARATHON CORP
23210,CVX,CLEVELAND ELECTRIC ILLUM CO
23229,CMS,C M S ENERGY CORP
23237,DGR,DENVER & RIO GRANDE WESTN RR CO
23253,GRL,GENERAL INSTRUMENT CORP
23288,WELB,WELBILT CORP
23296,BEM,BEAUNIT CORP
23309,HLT,HILTON HOTELS CORP
23317,ENE,ENRON CORP
23318,CHIR,CHIRON CORP
23325,SRT,ST REGIS CORP
23341,ACY,AMERICAN CYANAMID CO
23384,JAEG,JAEGER MACHINE CO
23393,CHD,CHURCH & DWIGHT INC
23421,STN,STEVENS J P & CO INC
23448,VEL,VIRGINIA ELECTRIC & POWER CO
23456,DCO,DIVCO WAYNE CORP
23464,GPT,GENERAL PORTLAND INC
23473,CINF,CINCINNATI FINANCIAL CORP
23480,HKR,HOOKER CHEMICAL CORP
23499,NES,NEW ENGLAND ELEC SYS
23501,POM,PEPCO HOLDINGS INC
23528,SFC,SEABOARD FINANCE CO
23536,WEC,W E C ENERGY GROUP INC
23552,FJC,FEDDERS CORP
23568,MBC,MASTERBRAND INC
23570,GEHC,G E HEALTHCARE TECHNOLOGIES INC
23579,TXT,TEXTRON INC
23587,RI,CHICAGO ROCK IS & PAC RR CO
23616,,PACIFIC FIN CORP
23660,CTAS,CINTAS CORP
23675,V,NEW YORK NEW HAVEN & HARTFORD RR
23683,FALB,FALSTAFF BREWING CORP
23712,PEG,PUBLIC SERVICE ENTERPRISE GP INC
23720,ILN,ILLINOVA CORP
23747,,ELLIOTT CO
23800,GSK,GAMBLE SKOGMO INC
23819,HAL,HALLIBURTON CO
23851,CSR,CENTRAL & SOUTH WEST CORP
23876,KVUE,KENVUE INC
23878,PDY,PEABODY COAL CO
23886,RDT,REED TOOL CO
23887,FTR,FRONTIER COMMUNICATIONS CORP
23894,CPX,COPPER RANGE CO
23907,DIN,DIANA STORES CORP
23915,GP,GEORGIA PACIFIC CORP
23931,XEL,X C E L ENERGY INC
23942,FTRE,FORTREA HOLDINGS INC
23944,PHIN,PHINIA INC
23990,ROH,ROHM & HAAS CO
24002,CIV,CONECTIV INC
24010,ETR,ENTERGY CORP NEW
24037,SMB,SUNBEAM CORP DE
24046,CCU,CLEAR CHANNEL COMMUNICATIONS INC
24053,EVRG,EVERGY INC
24061,UGC,UNITED GAS CORP
24088,ARR,ARISTAR INC
24096,EAS,ENERGY EAST CORP
24109,AEP,AMERICAN ELECTRIC POWER CO INC
24141,ANR,AMERICAN NATURAL RESOURCE CO
24174,VLTO,VERALTO CORP
24175,KLG,W K KELLOGG CO
24176,PXN,PARAMOUNT PICTURES CORP
24184,NMK,NIAGARA MOHAWK HOLDINGS INC
24192,PIN,P S I RESOURCES INC
24205,NEE,NEXTERA ENERGY INC
24221,CEG,CONSTELLATION ENERGY GROUP INC
24272,ASH,ASHLAND INC 2022
24328,EQT,E Q T CORP
24336,SCO,SCOVILL INC
24360,KSE,KEYSPAN CORP
24387,SHL,SHELLER MFG CORP
24459,PBI,PITNEY BOWES INC
24504,GFN,GENERAL FINANCIAL CORP
24539,OAT,QUAKER OATS CO
24555,AGM,AMALGAMATED SUGAR CO
24563,TXU,T X U CORP
24571,CS,CITIES SERVICE CO
24619,ET,ELTRA CORP
24627,MIS,MISSOURI PACIFIC CORP
24635,KLU,KAISERTECH LTD DE
24643,HWM,HOWMET AEROSPACE INC
24651,SRY,STANRAY CORP
24678,WLA,WARNER LAMBERT CO
24707,COE,CONE MILLS CORP
24715,MXS,MAXUS ENERGY CORP
24766,NOC,NORTHROP GRUMMAN CORP
24803,WIN,WINN DIXIE STORES INC
24811,OWC,OWENS CORNING
24854,BAW,BABCOCK & WILCOX CO
24877,SOLV,SOLVENTUM CORP
24878,GEV,G E VERNOVA INC
24889,APO,AMERICAN POTASH & CHEM CORP
24942,RTN,RAYTHEON CO
24985,AEE,AMEREN CORP
24993,JEF,JEFFERSON LAKE SULPHUR CO
25005,GRA,GRACE W R & CO
25013,SGP,SCHERING PLOUGH CORP
25022,CMCSA,COMCAST CORP
25056,ENS,ENSERCH CORP
25072,DQE,DUQUESNE LIGHT HOLDINGS INC
25081,CMA,COMERICA INC
25099,TEG,INTEGRYS ENERGY GROUP INC
25128,SDG,SMITH DOUGLASS INC
25136,,PENINSULAR TEL CO
25144,BSE,B E C ENERGY
25160,GNN,GREAT NORTHERN NEKOOSA CORP
25179,,MONTEREY OIL CO
25187,,UNIVERSAL PICTURES INC
25195,MQC,MARQUETTE CO
25216,STF,STAUFFER CHEMICAL CO
25232,OKE,ONEOK INC NEW
25320,CPB,CAMPBELLS CO
25339,DRE,DREWRYS LTD USA INC
25371,FBO,FEDERAL PAPER BOARD INC
25419,WHR,WHIRLPOOL CORP
25434,AMTM,AMENTUM HOLDINGS INC
25478,CRK,CAMPBELL RED LAKE MINES LTD
25487,CAR,AVIS BUDGET GROUP INC
25507,LTV,L T V CORP
25515,GAC,G A C CORP
25574,TRA,TRANE CO
25582,LHX,L3HARRIS TECHNOLOGIES INC
25590,NFG,NATIONAL FUEL GAS CO N J
25611,SCI,STORER COMMUNICATIONS INC
25646,MCK,MCKESSON CORP
25662,AXO,AKZONA INC
25670,PMT,PITTSBURGH METALLURGICAL INC
25689,DML,DAN RIVER INC
25697,BEC,BECKMAN INSTRUMENTS INC
25718,RYR,RYMER FOODS INC
25742,,MINUTE MAID CORP
25769,KMG,KERR MCGEE CORP
25778,CA,C A INC
25785,F,FORD MOTOR CO DEL
25873,AFN,AMERIFIN CORP
25902,GSI,GENERAL STEEL INDUSTRIES INC
25910,GEB,GERBER PRODUCTS CO
25953,DOV,DOVER CORP
25988,REV,REVLON INC
26075,EFU,EASTERN ENTERPRISES
26112,DAL,DELTA AIR LINES INC
26120,GAO,GENERAL AMERICAN OIL CO TX
26155,ITE,I T E IMPERIAL CORP
26286,IDL,IDEAL BASIC INDUSTRIES INC
26294,LIT,LITTON INDUSTRIES INC
26307,REE,RELIANCE ELECTRIC CO
26323,UNA,UNITED ARTISTS CORP
26332,CE,CONCORD E F S INC
26366,USM,U S M CORP
26382,MEE,MASSEY ENERGY CO
26390,SKB,SMITHKLINE BECKMAN CORP
26403,DIS,DISNEY WALT CO
26438,PRD,POLAROID CORP
26446,SPK,STANDARD PACKAGING CORP
26462,TIS,TISHMAN REALTY & CNSTRUCTION INC
26497,MLN,MCLEAN TRUCKING CO
26518,BOL,BAUSCH & LOMB INC
26534,MDE,MCDERMOTT INC
26542,TEN,TENNECO INC
26550,I,FIRST INTERSTATE BANCORP
26569,LY,LYKES CORP DE
26622,CHM,CHAMPION SPARK PLUG CO
26657,GAP,GREAT ATLANTIC & PAC TEA INC
26681,UPJ,UPJOHN CO
26710,L,LOEWS CORP
26729,MD,MCDONNELL DOUGLAS CORP
26737,FRO,FRONTIER CORP
26788,TXG,TEXAS GAS RESOURCES CORP
26825,K,KELLANOVA
26884,RBD,RUBBERMAID INC
26921,UD,UNIDYNAMICS CORP
27000,ICA,IMPERIAL CORP AMER
27027,MLL,MACMILLAN INC
27043,VAR,VARIAN MEDICAL SYSTEMS INC
27051,AMP,A M P INC
27086,MCA,M C A INC
27087,BV,BLOCKBUSTER ENTERTAINMENT CORP
27115,GWF,GREAT WESTERN FINANCIAL CORP
27158,CSY,CENTRAL SOYA INC
27174,JOL,JONATHAN LOGAN INC
27182,TREL,TRANSITRON ELECTRONIC CORP
27190,AHS,AMERICAN HOSPITAL SUPPLY CORP
27238,VEN,VENDO CO
27263,CFL,CORESTATES FINANCIAL CORP
27297,FCF,FIRST CHARTER FINL CORP
27342,CRF,COPELAND CORP
27422,CLF,CLEVELAND CLIFFS INC NEW
27430,CTB,COOPER TIRE & RUBBER CO
27465,PAS,PASCO INC
27473,SMF,SINGER CO
27510,KNY,COCA COLA BOTTLING CO NY INC
27537,HRW,HOLT RINEHART & WINSTON INC
27561,BO,BALTIMORE & OHIO RR CO
27596,SB,SALOMON INC
27617,MAYS,MAYS J W INC
27633,R,RYDER SYSTEMS INC
27713,ABI,APPLIED BIOSYSTEMS INC DEL
27748,FLA,FLORIDA EAST COAST IND INC
27749,CTCO,CROSS & TRECKER CORP
27756,STR,QUESTAR CORP
27764,SRR,STRIDE RITE CORP
27828,HPQ,H P INC
27836,BBKS,BOBBIE BROOKS INC
27852,FAC,FACTOR MAX & CO
27879,HC,HELENE CURTIS INDS INC
27887,BAX,BAXTER INTERNATIONAL INC
27916,GNN,GINN & CO
27924,HBJ,HARCOURT BRACE JOVANOVICH INC
27940,TET,TEXAS EASTERN CORP
27959,DUK,DUKE ENERGY CORP NEW
27983,XRX,XEROX HOLDINGS CORP
27991,PNW,PINNACLE WEST CAPITAL CORP
28003,LSO,LEESONA CORP
28089,MMA,MARTIN MARIETTA ALUM INC
28118,NC,NACCO INDUSTRIES INC
28134,BKO,BAKER INTERNATIONAL CORP
28169,FCI,FAIRCHILD CAMERA & INSTR CORP
28177,FFI,FINANCIAL FEDERATION INC
28222,APD,AIR PRODUCTS & CHEMICALS INC
28265,UFL,UNITED FINANCIAL CORP CA
28281,,LERNER STORES CORP
28345,MUR,MURPHY OIL CORP
28353,RAL,RALSTON PURINA CO
28388,VNO,VORNADO INC
28433,KCC,KAISER CEMENT CORP
28484,HES,HESS CORP
28505,CBM,CHESEBROUGH PONDS INC
28513,MMX,MAGMA COPPER CO
28548,TFB,TAFT BROADCASTING CO
28580,MET,METROMEDIA INC
28804,ALK,ALASKA AIRGROUP INC
28847,U,U S AIRWAYS GROUP INC
28994,ACR,AMERICAN CREDIT CORP
29102,NBR,NABORS INDUSTRIES INC
29196,NAE,NORAM ENERGY CORP
29911,BWN,BROWN CO
29946,BF,BROWN FORMAN CORP
29962,FIN,FINANCIAL CORP AMER
30067,DIGI,D S C COMMUNICATIONS CORP
30330,CCB,CAPITAL CITIES ABC INC
30365,CMK,CARNATION CO
30382,DG,DOLLAR GENERAL CORP
30681,OMC,OMNICOM GROUP INC
30912,CBL,CORROON & BLACK CORP
30940,FLS,FLOWSERVE CORP
31536,ECH,ECHLIN INC
31659,EAF,EMERY AIR FGHT CORP
31763,FBG,FABERGE INC
32141,GDVI,G D V INC
32205,GFS,GIANT FOOD INC
32379,GLK,GREAT LAKES CHEM CORP
32475,PCI,PARAMOUNT COMMUNICATIONS INC
32563,HPH,HARNISCHFEGER INDUSTRIES INC
32707,HP,HELMERICH & PAYNE INC
32791,WFT,WEATHERFORD INTL INC NEW
32803,DINO,H F SINCLAIR CORP
32870,HRL,HORMEL FOODS CORP
32942,HUBB,HUBBELL INC
32986,ATO,ATMOS ENERGY CORP
33056,INA,I N A CORP
33312,SAI,SUNAMERICA INC
33785,LOR,LORAL CORP
33814,LLX,LOUISIANA LAND & EXPLORATION CO
33873,MAK,MACKE CO
34024,MDC,MARYLAND CUP CORP
34032,MAS,MASCO CORP
34040,VAT,VARITY CORP
34147,MAI,M A COM INC
34550,NUM,NATIONAL UNION ELECTRIC CORP
34746,FITB,FIFTH THIRD BANCORP
34817,NUE,NUCOR CORP
34833,OXY,OCCIDENTAL PETROLEUM CORP
34841,COV,COVANTA ENERGY CORP
35044,RF,REGIONS FINANCIAL CORP NEW
35051,PLL,PALL CORP
35166,PBD,PEABODY INTERNATIONAL CORP
35211,PZE,PENNZENERGY CO
35238,PBY,PEP BOYS MANNY MOE & JACK
35554,MTB,M & T BANK CORP
36003,ROL,ROLLINS INC
36127,FSR,FIRSTAR CORP NEW WIS
36397,FHN,FIRST HORIZON CORP
36468,SHW,SHERWIN WILLIAMS CO
36469,WB,WACHOVIA CORP 2ND NEW
36505,SGN,SIGNAL COMPANIES INC
36978,STO,STONE CONTAINER CORP
37065,SGL,SUPERMARKETS GENERAL CORP
37161,TE,T E C O ENERGY INC
37284,ANDV,ANDEAVOR
37584,BEN,FRANKLIN RESOURCES INC
38041,WFI,WHEELABRATOR FRYE INC
38093,AJG,GALLAGHER ARTHUR J & CO
38156,WMB,WILLIAMS COS
38280,GNE,GENENTECH INC
38324,HBL,HEUBLEIN INC
38404,BRK,BRACH E J & SONS INC
38455,HJ,HOWARD JOHNSON CO
38551,WCI,WARNER COMMUNICATIONS INC
38578,TNB,THOMAS & BETTS CORP
38682,RRD,DONNELLEY R R & SONS CO
38703,WFC,WELLS FARGO & CO NEW
38762,NI,NISOURCE INC
38850,SKY,CHAMPION HOMES INC
38885,WRC,WARNACO INC
38893,CGP,COASTAL CORP
38914,CEN,CERIDIAN CORP NEW
38930,URB,URIS BUILDINGS CORP
38973,PAS,PEPSIAMERICAS INC NEW
39087,S,SPRINT NEXTEL CORP
39140,CLN,COLEMAN INC
39263,STA,STALEY CONTINENTAL INC
39271,ARA,A R A SERVICES INC
39300,NRT,NORTON CO
39335,CTC,CONTEL CORP
39394,OVT,OVERNITE TRANSPORTATION CO
39458,SVM,SERVOMATION CORP
39490,APA,A P A CORP
39538,MAT,MATTEL INC
39626,WS,WARNER & SWASEY CO
39642,BDX,BECTON DICKINSON & CO
39669,HIA,HOLIDAY CORP
39765,HDL,HANDLEMAN CO
39896,SAF,SANTA FE INTERNATIONAL CORP
39917,WY,WEYERHAEUSER CO
39992,PRX,PUREX INDUSTRIES INC
40010,SRL,SEARLE G D & CO
40053,LKS,LUCKY STORES INC
40061,TEK,TEKTRONIX INC
40125,DXC,D X C TECHNOLOGY CO
40141,ECK,ECKERD JACK CORP
40221,TKA,TONKA CORP
40272,IFF,INTERNATIONAL FLAVORS & FRAG INC
40301,JWC,WALTER JIM CORP
40352,CHH,CARTER HAWLEY HALE STORES INC
40416,AVP,AVON PRODUCTS INC
40432,CID,CORONET INDUSTRIES INC
40483,TWX,TIME WARNER INC
40484,HBOC,H B O & CO
40539,TJX,T J X COMPANIES INC NEW
40635,TMC,TIMES MIRROR CO
40723,SFN,S F N COMPANIES INC
40758,DRX,DREXEL ENTERPRISES INC
40790,KOE,KOEHRING CO
40838,H,HARCOURT GENERAL INC
40854,COX,COX COMMUNICATION INC
41080,CMI,CUMMINS INC
41081,SNC,SHAWMUT NATIONAL CORP
41160,HWC,HOERNER WALDORF CORP
41179,NLC,NALCO CHEMICAL CO
41355,PH,PARKER HANNIFIN CORP
41427,WPM,WEST POINT PEPPERELL INC
41443,AT,ALLTEL CORP
41478,HOB,HOBART CORP
41486,RE,REDMAN INDUSTRIES INC
41515,FDB,FOODBRANDS AMERICA INC
41523,TXO,TEXAS OIL & GAS CORP
41662,RDS,REVCO D S INC
41718,CMB,CHASE MANHATTAN CORP
41785,EXC,ESSEX INTERNATIONAL INC
41929,CNW,CON WAY INC
41953,GAF,G A F CORP
42024,OMX,OFFICEMAX INC NEW
42075,GLR,GROLIER INC
42083,ACV,ALBERTO CULVER CO NEW
42104,JOS,JOSTENS INC
42200,RVTY,REVVITY INC
42235,AAF,AMERICAN AIR FILTER INC
42323,RGLD,RHEINGOLD CORP
42462,TFD,THRIFTY CORP
42526,DEN,DENNYS INC
42534,JCI,JOHNSON CONTROLS INC
42550,NEU,NEWMARKET CORP
42569,UNC,U N C INC
42585,SJM,SMUCKER J M CO
42606,BNS,B N S CO
42657,CYM,CYPRUS MINES CORP
42753,PHL,PHILIPS INDUSTRIES INC
42796,MDP,MEREDITH CORP
42833,PPW,PACIFICORP
42877,JBHT,HUNT J B TRANSPORT SERVICES INC
42906,HBAN,HUNTINGTON BANCSHARES INC
42999,SAA,SANDERS ASSOCIATES INC
43094,PKA,PIKE CORP AMER
43123,ATI,A T I INC
43132,HYST,HYSTER CO
43203,HNS,HANES CORP
43298,IMSI,I M S INTERNATIONAL INC
43318,LTC,LEASEWAY TRANSPORTATION CORP
43342,ESY,E SYSTEMS INC
43350,SWK,STANLEY BLACK & DECKER INC
43449,MCD,MCDONALDS CORP
43502,CHI,CROUSE HINDS CO
43510,MB,MILTON BRADLEY CO
43553,VFC,V F CORP
43609,GG,GREEN GIANT CO
43610,IMNX,IMMUNEX CORP NEW
43633,SDS,SCIENTIFIC DATA SYS INC
43772,BMS,BEMIS CO INC
43916,DEC,DIGITAL EQUIPMENT CORP
44062,SMI,SPRINGS INDUSTRIES INC
44206,ES,EVERSOURCE ENERGY
44273,BBL,BLUE BELL INC
44329,TFX,TELEFLEX INC
44505,GID,GIDDINGS & LEWIS INC
44601,AVY,AVERY DENNISON CORP
44644,ADP,AUTOMATIC DATA PROCESSING INC
44652,ASC,AMERICAN STORES CO NEW
44792,INGR,INTERGRAPH CORP
44951,SVU,SUPERVALU INC
45014,RAM,RAMADA INNS INC
45065,MSA,MESA PETROLEUM CO
45081,SLZ,SCHLITZ JOS BREWING CO
45225,VHI,VALHI INC NEW
45241,FRX,FOREST LABS INC
45277,IGT,INTERNATIONAL GAME TECHNOLOGY
45356,TYC,TYCO INTERNATIONAL LTD
45428,GLM,GLOBAL MARINE INC
45495,RDC,ROWAN COMPANIES INC
45604,SQB,SQUIBB CORP
45620,GWU,GREAT WESTERN UNITED CORP
45663,PPI,PETER PAUL INC
45671,SFA,SCIENTIFIC ATLANTA INC
45751,MMC,MARSH & MCLENNAN COS INC
45794,SII,SMITH INTERNATIONAL INC
45911,SWKS,SKYWORKS SOLUTIONS INC
45970,ZRN,ZURN INDUSTRIES INC
46201,MAE,MONROE AUTO EQUIP CO
46228,FLC,R & B FALCON CORP
46252,IBP,IOWA BEEF PROCESSORS INC
46288,JWP,J W P INC
46295,FLE,FLEETWOOD ENTERPRISES INC
46391,HNG,HOUSTON NATURAL GAS CORP
46447,NSI,NORTON SIMON INC
46544,JERR,JERRICO INC
46578,CLX,CLOROX CO
46594,USH,USLIFE CORP
46615,CLO,COLECO INDUSTRIES INC
46658,CIC,CONTINENTAL CORP
46674,GPC,GENUINE PARTS CO
46682,SFF,SANTA FE INDS INC
46703,HMT,HOST MARRIOTT CORP
46754,AMI,AMERICAN MEDICAL INTL INC
46850,AET,AETNA INC
46877,BCR,BARD C R INC
46886,KLAC,K L A CORP
46922,RAD,RITE AID CORP
47028,NEC,NATIONAL EDUCATION CORP
47052,CNT,CENTEL CORP
47079,CCI,CITICORP
47159,FBF,FLEETBOSTON FINANCIAL CORP
47175,CC,CIRCUIT CITY STORES INC
47271,FLM,FLEMING COMPANIES INC
47300,TIC,TRAVELERS CORP
47386,DFC,DIAL CORP
47466,NYT,NEW YORK TIMES CO
47482,KTY,KENTUCKY FRIED CHICKEN CORP
47490,RML,RUSSELL CORP
47562,SFR,SCHAEFER F & M CORP
47626,CNA,C N A FINANCIAL CORP
47837,MKC,MARION MERRELL DOW INC
47896,JPM,JPMORGAN CHASE & CO
47941,TGNA,TEGNA INC
47992,BEV,BEVERLY ENTERPRISES
48071,JPM,MORGAN J P & CO INC
48119,UC,UTAH INTERNATIONAL INC
48223,MHC,MANUFACTURERS HANOVER CORP
48258,RGI,RIO GRANDE INDS INC
48267,LSI,L S I CORP NEW
48274,GAS,NICOR INC
48354,BT,BANKERS TRUST CORP
48397,AGC,AMERICAN GENERAL CORP
48434,ID,IDEAL TOY CORP
48485,JP,JEFFERSON PILOT CORP
48486,LRCX,LAM RESH CORP
48506,MCO,MOODYS CORP
48514,IKN,IKON OFFICE SOLUTIONS INC
48549,SED,SEDCO INC
48565,UH,U S HOME CORP
48653,HUM,HUMANA INC
48725,UNP,UNION PACIFIC CORP
48960,KRI,KNIGHT RIDDER INC
49015,LNC,LINCOLN NATIONAL CORP
49154,TGT,TARGET CORP
49373,HRB,BLOCK H & R INC
49429,DDS,DILLARDS INC
49592,CRD,CREDITHRIFT FINANCIAL INC
49606,LINB,LIN BROADCASTING CORP
49656,BK,BANK OF NEW YORK MELLON CORP
49680,DHR,DANAHER CORP
49744,PCH,POTLATCH CORP
49905,KATE,KATE SPADE & CO
49920,GNO,GINOS INC
50017,RRC,RANGE RESOURCES CORP
50024,WFC,WELLS FARGO & CO NEW
50032,ABS,ALBERTSONS INC
50156,LOTS,LOTUS DEVELOPMENT CORP
50200,WB,WACHOVIA CORP NEW
50227,BNI,BURLINGTON NORTHERN SANTA FE CP
50403,GACC,GREAT AMERICAN COMMUNICATIONS CO
50404,MCIC,M C I COMMUNICATIONS CORP
50534,BEL,BELDEN CORP
50737,BRK,BROCKWAY INC NY
50876,LLY,LILLY ELI & CO
50905,JH,HARLAND JOHN H CO
50906,ADCT,A D C TELECOMMUNICATIONS INC
50956,FG,U S F & G CORP
51043,FNM,FEDERAL NATIONAL MORTGAGE ASSN
51263,MTW,MANITOWOC CO INC
51369,TER,TERADYNE INC
51377,NSM,NATIONAL SEMICONDUCTOR CORP
51561,HCA,HOSPITAL CORP AMERICA
51588,SUB,SUMMIT BANCORP
51596,KMI,KINDER MORGAN INC KANSAS
51625,SCI,SERVICE CORP INTERNATIONAL
51706,MI,MARSHALL & ILSLEY CORP NEW
51772,BKB,BANKBOSTON CORP
51799,OMC,MAYER OSCAR & CO INC DE
52038,SYY,SYSCO CORP
52062,RYN,RYAN HOMES INC
52070,EDS,ELECTRONIC DATA SYS CORP
52090,MKC,MCCORMICK & CO INC
52230,RHI,ROBERT HALF INC
52329,J,JACOBS SOLUTIONS INC
52337,THC,TENET HEALTHCARE CORP
52476,EFX,EQUIFAX INC
52505,FFB,FIRST FIDELITY BANCORP NEW
52564,LVI,LEVI STRAUSS & CO
52695,GWW,GRAINGER W W INC
52708,LEN,LENNAR CORP
52821,MTL,MERCANTILE BANCORPORATION INC
52919,MER,MERRILL LYNCH & CO INC
52978,HAS,HASBRO INC
53065,IPG,INTERPUBLIC GROUP COS INC
53081,PVN,PROVIDIAN CORP
53225,GHC,GRAHAM HOLDINGS CO
53401,THY,TRANSITIONAL HOSPITALS CORP
53479,GDW,GOLDEN WEST FINANCIAL CORP
53612,LDG,LONGS DRUG STORES INC
53613,MU,MICRON TECHNOLOGY INC
53786,BFI,BROWNING FERRIS INDUSTRIES INC
53831,CTX,CENTEX CORP
53858,FNB,FIRST CHICAGO CORP
53866,FDO,FAMILY DOLLAR STORES INC
53903,FPA,FIRST PENNSYLVANIA CORP
53938,RNB,REPUBLIC NEW YORK CORP
54009,CHG,CHICAGO MILWAUKEE CORP
54148,PHM,PULTE GROUP INC
54181,MIL,MILLIPORE CORP
54447,PDQ,PRIME MOTOR INNS INC
54463,PWJ,PAINE WEBBER GROUP INC
54615,NLT,N L T CORP
54754,FHP,FORT HOWARD CORP
54827,MOLX,MOLEX INC
55079,MRN,MORRISON KNUDSEN CORP
55212,SPXC,S P X TECHNOLOGIES INC
55351,SLC,SOUTHLAND CORP
55386,EVT,ENVIROTECH CORP
55685,HOI,HOUSTON OIL & MINERALS CORP
55976,WMT,WALMART INC
56012,PIZ,PIZZA HUT INC DE
56098,IN,INLAND CONTAINER CORP
56186,SCV,S C A SERVICES INC
56223,LPX,LOUISIANA PACIFIC CORP
56232,NCC,NATIONAL CITY CORP
56266,AHM,AHMANSON H F & CO
56274,CAG,CONAGRA BRANDS INC
56450,FCN,FIRST CHICAGO N B D CORP
56485,HT,HUGHES TOOL CO
56573,ITW,ILLINOIS TOOL WORKS INC
56805,IFC,INTERFIRST CORP
56864,GHB,HEILEMAN G BREWING INC
57234,TRR,TRACOR INC
57250,CBK,CONTINENTAL BANK CORP
57381,WMX,WASTE MANAGEMENT INC NEW
57488,BKI,BEKER INDUSTRIES CORP
57568,BALL,BALL CORP
57592,DGN,DATA GENERAL CORP
57665,NKE,NIKE INC
57809,NDSN,NORDSON CORP
57817,JWN,NORDSTROM INC
57904,AFL,AFLAC INC
58085,WSN,WESTERN COMPANY OF NORTH AMERICA
58093,TCB,TEXAS COMMERCE BANCSHARES INC
58094,NFB,NORTH FORK BANCORPORATION NY INC
58246,NTRS,NORTHERN TRUST CORP
58296,FRM,FIRST MISSISSIPPI CORP
58318,TEX,TEREX CORP NEW
58464,STK,STORAGE TECHNOLOGY CORP
58472,E,TRANSCO ENERGY CO
58480,BLY,BALLY ENTERTAINMENT CORP
58596,NOXL,NOXELL CORP
58659,NWP,NORTHWEST ENERGY CO
58683,LUV,SOUTHWEST AIRLINES CO
58819,LNT,ALLIANT ENERGY CORP
58827,BAC,BANKAMERICA CORP
58990,DJ,DOW JONES & CO INC
59010,GAP,GAP INC
59176,AXP,AMERICAN EXPRESS CO
59184,BUD,ANHEUSER BUSCH COS INC
59192,CB,CHUBB CORP
59205,CHU,CHURCHS FRIED CHICKEN INC
59221,CGN,CONNECTICUT GENERAL CORP
59248,TAP,MOLSON COORS BEVERAGE CO
59328,INTC,INTEL CORP
59345,OK,OLD KENT FINANCIAL CORP
59379,MEL,MELLON FINANCIAL CORP
59408,BAC,BANK OF AMERICA CORP
59416,PABT,PABST BREWING CO
59432,CBB,CALIBER SYSTEM INC
59440,SAF,SAFECO CORP
59459,TRV,TRAVELERS COMPANIES INC
59467,WLB,WESTMORELAND COAL CO
59483,YELL,YELLOW CORP NEW
59707,DPT,DATAPOINT CORP
59811,TYM,TYMSHARE INC
59926,MNR,MANOR CARE INC
60046,AMH,AMDAHL CORP
60097,MDT,MEDTRONIC INC
60206,SNA,SNAP ON INC
60337,PRM,PRIME COMPUTER INC
60441,MIR,MIRAGE RESORTS INC
60442,PNC,P N C FINANCIAL SERVICES GRP INC
60506,PCAR,PACCAR INC
60572,RM,ROLM CORP
60599,LUMN,LUMEN TECHOLOGIES INC
60628,FDX,FEDEX CORP
60839,SPC,SECURITY PACIFIC CORP
60871,ADI,ANALOG DEVICES INC
60900,CVN,COMPUTERVISION CORP
60943,LEG,LEGGETT & PLATT INC
60986,NWL,NEWELL BRANDS INC
61065,TOY,TOYS R US INC
61241,AMD,ADVANCED MICRO DEVICES INC
61284,BBI,BARNETT BANKS INC
61399,LOW,LOWES COMPANIES INC
61516,BIO,BIO RAD LABORATORIES INC
61583,FJ,FORT JAMES CORP
61621,PAYX,PAYCHEX INC
61663,TOS,TOSCO CORP
61735,AON,AON CORP
61743,DLX,DELUXE CORP
61794,MGM,M G M U A ENTERTAINMENT CO
61815,NBL,NOBLE ENERGY INC
61890,HWR,WALKER HIRAM RES LTD
61970,KRA,KRAFT INC NEW
62092,TMO,THERMO FISHER SCIENTIFIC INC
62148,CSX,C S X CORP
62164,CYR,CRAY RESEARCH INC
62252,GRN,GENERAL RE CORP
62308,GL,GLOBE LIFE INC
62498,WST,WEST PHARMACEUTICAL SERVICES INC
62519,ESV,E N S C O INTERNATIONAL INC
62770,ASO,AMSOUTH BANCORPORATION
62834,EC,ENGELHARD CORP
63060,WEN,WENDYS INTERNATIONAL INC
63096,PHB,PIONEER HI BRED INTL INC
63108,CNW,C N W CORP
63255,NB,NABISCO BRANDS INC
63467,BRO,BROWN & BROWN INC
63765,SWN,SOUTHWESTERN ENERGY CO
63802,UCT,UNITED CABLE TELEVISION
63830,PCP,PRECISION CASTPARTS CORP
63845,AAL,ALEXANDER & ALEXANDER SVCS INC
64020,LUB,LUBYS INC
64064,PCLB,PRICE CO
64186,CI,CIGNA GROUP
64207,CUL,CULLINET SOFTWARE INC
64282,BBWI,BATH & BODY WORKS INC
64311,NSC,NORFOLK SOUTHERN CORP
64346,RYC,RAYCHEM CORP
64390,PGR,PROGRESSIVE CORP OH
64477,SK,SAFETY KLEEN CORP NEW
64531,PVT,PROVIDENT COMPANIES INC
64565,CFC,COUNTRYWIDE FINANCIAL CORP
64856,AZA,ALZA CORP
64936,D,DOMINION ENERGY INC
64995,KEY,KEYCORP NEW
65066,SK,SAFETY KLEEN CORP
65138,ONE,BANK ONE CORP
65330,LM,LEGG MASON INC
65402,AOS,SMITH A O CORP
65541,COO,COOPER COMPANIES INC
65787,TRB,TRIBUNE COMPANY NEW
65816,WAN,WANG LABORATORIES INC
65859,AIT,AMERITECH CORP
65875,VZ,VERIZON COMMUNICATIONS INC
65883,BLS,BELLSOUTH CORP
66018,NYN,NYNEX CORP
66026,PAC,PACIFIC TELESIS GROUP
66069,SFX,SANTA FE PAC CORP
66093,T,A T & T INC
66114,TIN,TEMPLE INLAND INC
66122,USW,U S WEST INC NEW
66157,USB,U S BANCORP DEL
66181,HD,HOME DEPOT INC
66325,SLM,S L M CORP
66384,WDC,WESTERN DIGITAL CORP
66800,AIG,AMERICAN INTERNATIONAL GROUP INC
67467,BIG,BIG LOTS INC
67571,GNT,GREEN TREE FINANCIAL CORP
68049,RYAN,RYANS RESTAURANT GROUP INC
68144,STI,SUNTRUST BANKS INC
68304,BSC,BEAR STEARNS COMPANIES INC
68347,CPQ,COMPAQ COMPUTER CORP
68523,CFS,COMFORCE CORP
68591,STJ,ST JUDE MEDICAL INC
68857,CVC,CABLEVISION SYSTEMS CORP
69024,LT,LORIMAR TELEPICTURES CORP
69032,MS,MORGAN STANLEY DEAN WITTER & CO
69550,MYL,MYLAN INC
69607,SEG,SEAGATE TECHNOLOGY INC
69649,RJF,RAYMOND JAMES FINANCIAL INC
69796,STZ,CONSTELLATION BRANDS INC
70033,HOG,HARLEY DAVIDSON INC
70092,KBH,K B HOME
70229,SMS,SHARED MEDICAL SYSTEMS CORP
70308,ARG,AIRGAS INC
70332,APC,ANADARKO PETROLEUM CORP
70376,SHN,SHONEYS INC
70500,CCE,COCA COLA ENTERPRISES INC NEW
70519,C,CITIGROUP INC
70536,SIAL,SIGMA ALDRICH CORP
70578,ECL,ECOLAB INC
71001,PMI,PREMARK INTERNATIONAL INC
71175,UNM,UNUM GROUP
71563,TFC,TRUIST FINANCIAL CORP
71686,SOTR,SOUTHTRUST CORP
71765,CRR,CONRAIL INC
71889,SOV,SOVRAN FINANCIAL CORP
71984,FTL,FRUIT OF THE LOOM INC
72726,STT,STATE STREET CORP
73139,SYK,STRYKER CORP
73940,SBL,SYMBOL TECHNOLOGIES INC
74617,TDM,TANDEM COMPUTERS INC
75030,TCOMA,TELE COMMUNICATIONS INC NEW
75034,BKR,BAKER HUGHES CO
75100,TIF,TIFFANY & CO NEW
75107,ABMD,ABIOMED INC
75175,MBI,M B I A INC
75186,SCHW,SCHWAB CHARLES CORP NEW
75224,HAR,HARMAN INTL INDS INC NEW
75241,PXD,PIONEER NATURAL RESOURCES CO
75257,TLAB,TELLABS INC
75333,BR,BURLINGTON RESOURCES INC
75423,ORX,ORYX ENERGY CO
75489,SPLS,STAPLES INC
75510,ADBE,ADOBE INC
75573,ODP,O D P CORP
75577,ALTR,ALTERA CORP
75591,IEX,IDEX CORP
75607,GEN,GEN DIGITAL INC
75625,ETS,ENTERASYS NETWORKS INC
75646,AGN,ALLERGAN INC
75647,MII,MORTON INTERNATIONAL INC NEW
75694,TECH,BIO TECHNE CORP
75789,FRE,FEDERAL HOME LOAN MORTGAGE CORP
75819,VC,VENCOR INC
75825,EOG,EOG RESOURCES INC
75828,EA,ELECTRONIC ARTS INC
75857,SLR,SOLECTRON CORP
75912,PTC,P T C INC
76070,GIDL,GIDDINGS & LEWIS INC WIS
76076,CSCO,CISCO SYSTEMS INC
76082,CTRA,COTERRA ENERGY INC
76090,HET,HARRAHS ENTERTAINMENT INC
76095,HOLX,HOLOGIC INC
76122,SFS,SANTA FE SNYDER CORP
76129,COMS,3COM CORP
76149,SWY,SAFEWAY INC
76171,HCA,H C A INC NEW
76185,TYL,TYLER TECHNOLOGIES INC
76201,XLNX,XILINX INC
76226,PARA,PARAMOUNT GLOBAL
76230,TRMB,TRIMBLE INC
76240,BJS,B J SERVICES CO
76282,AN,AUTONATION INC DEL
76285,CVN,C & S SOVRAN CORP
76557,KRB,M B N A CORP
76563,FMY,MEYER FRED INC DEL
76565,HMA,HEALTH MANAGEMENT ASSOCIATES INC
76597,NGH,NABISCO GROUP HOLDING CORP
76605,AZO,AUTOZONE INC
76608,PT,PET INC NEW
76614,REGN,REGENERON PHARMACEUTICALS INC
76619,CVH,COVENTRY HEALTH CARE INC
76624,PMCS,P M C SIERRA INC
76625,CEPH,CEPHALON INC
76638,JNY,JONES GROUP INC
76639,TSS,TOTAL SYSTEM SERVICES INC
76644,X,UNITED STATES STEEL CORP NEW
76656,MEDI,MEDIMMUNE INC
76708,ATGE,ADTALEM GLOBAL EDUCATION INC
76709,IDXX,I D E X X LABORATORIES INC
76712,AES,A E S CORP
76744,VRTX,VERTEX PHARMACEUTICALS INC
76754,BAY,BAY NETWORKS INC
76757,ABK,AMBAC FINANCIAL GROUP INC
76795,ZBRA,ZEBRA TECHNOLOGIES CORP
76804,MTG,M G I C INVESTMENT CORP WIS
76841,BIIB,BIOGEN INC
76887,AW,ALLIED WASTE INDUSTRIES INC
77037,ODFL,OLD DOMINION FREIGHT LINE INC
77063,HCR,MANOR CARE INC NEW
77150,FSH,FISHER SCIENTIFIC INTL INC
77157,OI,O I GLASS INC
77173,VTSS,VITESSE SEMICONDUCTOR CORP
77178,QCOM,QUALCOMM INC
77182,PRGO,PERRIGO CO
77274,GILD,GILEAD SCIENCES INC
77281,WFM,WHOLE FOODS MARKET INC
77284,NXTL,NEXTEL COMMUNICATIONS INC
77338,ROP,ROPER TECHNOLOGIES INC
77357,SNPS,SYNOPSYS INC
77418,TWX,TIME WARNER INC NEW
77462,M,MACYS INC
77481,EP,EL PASO CORP
77496,MHK,MOHAWK INDUSTRIES INC
77546,FDC,FIRST DATA CORP
77605,BSX,BOSTON SCIENTIFIC CORP
77606,KSS,KOHLS CORP
77644,GIC,GENERAL INSTRUMENT CORP DEL
77649,STE,STERIS CORP
77659,BBBY,BED BATH & BEYOND INC
77661,DHI,D R HORTON INC
77668,ESRX,EXPRESS SCRIPTS HOLDING CO
77702,SBUX,STARBUCKS CORP
77730,TSN,TYSON FOODS INC
77768,PX,PRAXAIR INC
77976,MFE,MCAFEE INC
78034,PDCO,PATTERSON COMPANIES INC
78083,PSFT,PEOPLESOFT INC
78139,CPWR,COMPUWARE CORP
78263,UPC,UNION PLANTERS CORP
78788,HFS,H F S INC
78840,IAC,IAC INC
78877,CHK,CHESAPEAKE ENERGY CORP
78916,ACT,ACTAVIS INC
78946,DWD,DEAN WITTER DISCOVER & CO
78968,USBC,UNITED STATES BANCORP
78975,INTU,INTUIT INC
78987,MCHP,MICROCHIP TECHNOLOGY INC
79041,GHC,GALEN HEALTH CARE INC
79089,FOSL,FOSSIL GROUP INC
79094,JBL,JABIL INC
79103,ORLY,O REILLY AUTOMOTIVE INC NEW
79108,SANM,SANMINA CORP
79119,USHC,UNITED STATES HEALTHCARE INC
79212,XTO,X T O ENERGY INC
79237,RIG,TRANSOCEAN OFFSHORE INC
79250,USS,UNITED STATES SURGICAL CORP
79265,FLIR,FLIR SYSTEMS INC
79323,ALL,ALLSTATE CORP
79411,PETM,PETSMART INC
79545,BWA,BORGWARNER INC
79588,GMCR,KEURIG GREEN MOUNTAIN INC
79637,UHS,UNIVERSAL HEALTH SERVICES INC
79678,ATVI,ACTIVISION BLIZZARD INC
79686,DECK,DECKERS OUTDOOR CORP
79698,IT,GARTNER INC
79718,MERQ,MERCURY INTERACTIVE CORP
79764,MAR,MARRIOTT INTERNATIONAL INC NEW
79785,NVR,N V R INC
79879,VIAV,VIAVI SOLUTIONS INC
79881,URBN,URBAN OUTFITTERS INC
79906,INCY,INCYTE CORP
79915,NFX,NEWFIELD EXPLORATION CO
79973,GTW,GATEWAY INC
80055,VRTS,VERITAS SOFTWARE CORP
80080,EMN,EASTMAN CHEMICAL CO
80094,ATI,AIRTOUCH COMMUNICATIONS
80191,ALB,ALBEMARLE CORP
80204,MLM,MARTIN MARIETTA MATERIALS INC
80266,QLGC,QLOGIC CORP
80286,TSCO,TRACTOR SUPPLY CO NEW
80303,AKS,A K STEEL HOLDING CORP
80320,CPRT,COPART INC
80410,WAI,WESTERN ATLAS INC
80411,FDSH,FDS HOLDING CO
80470,QTRN,QUINTILES TRANSNATIONAL CORP
80506,ASND,ASCEND COMMUNICATIONS INC
80515,RATL,RATIONAL SOFTWARE CORP
80539,NKTR,NEKTAR THERAPEUTICS
80563,PENN,PENN ENTERTAINMENT INC
80599,LEH,LEHMAN BROTHERS HOLDINGS INC
80678,CSE,CASE CORP
80694,GLD,SANTA FE PACIFIC GOLD CORP
80913,ACS,AFFILIATED COMPUTER SERVICES INC
81055,COF,CAPITAL ONE FINANCIAL CORP
81061,MCK,MCKESSON H B O C INC
81126,GDT,GUIDANT CORP
81138,APOL,APOLLO EDUCATION GROUP INC
81193,TMC,TIMES MIRROR CO NEW
81262,CMX,CAREMARK RX INC
81285,TT,TRANE INC
81481,DLTR,DOLLAR TREE INC
81540,COR,CENCORA INC
81593,COOP,MR COOPER GROUP INC
81655,DRI,DARDEN RESTAURANTS INC
81677,WAB,WABTEC CORP
81696,DISH,DISH NETWORK CORP
81736,RMD,RESMED INC
81774,FCX,FREEPORT MCMORAN INC
81776,SUNE,SUNEDISON INC
81857,CAM,CAMERON INTERNATIONAL CORP
82196,DNR,DENBURY RESOURCES INC
82276,ACGL,ARCH CAPITAL GROUP LTD
82298,DO,DIAMOND OFFSHORE DRILLING INC
82303,RE,EVEREST REINSURANCE HOLDINGS INC
82307,DVA,DAVITA INC
82308,UPR,UNION PACIFIC RES GROUP INC
82309,UMG,U S WEST INC
82486,ERIE,ERIE INDEMNITY CO
82515,POOL,POOL CORP
82581,HSIC,SCHEIN HENRY INC
82598,NTAP,NETAPP INC
82618,SNDK,SANDISK CORP
82642,EL,LAUDER ESTEE COS INC
82643,LXK,LEXMARK INTERNATIONAL INC NEW
82647,PNU,PHARMACIA & UPJOHN INC
82651,WAT,WATERS CORP
82686,CTXS,CITRIX SYSTEMS INC
82705,WETT,WETTERAU INC
82775,HIG,HARTFORD FINANCIAL SVCS GRP INC
82776,ITT,I T T CORP NEV
82959,WLL,WILLAMETTE INDUSTRIES INC
83111,ALXN,ALEXION PHARMACEUTICALS INC
83143,IRM,IRON MOUNTAIN INC
83332,LU,LUCENT TECHNOLOGIES INC
83413,SAPE,SAPIENT CORP
83421,DF,DEAN FOODS CO NEW
83435,YHOO,YAHOO INC
83440,AFS,ASSOCIATES FIRST CAPITAL CORP
83443,BRK,BERKSHIRE HATHAWAY INC DEL
83462,TUP,TUPPERWARE BRANDS CORP
83583,WLP,WELLPOINT HEALTH NETWRKS INC NEW
83596,EDS,ELECTRONIC DATA SYS CORP NEW
83597,FDS,FACTSET RESEARCH SYSTEMS INC
83601,WOR,WORTHINGTON ENTERPRISES INC
83621,ANSS,ANSYS INC
83630,BVSN,BROADVISION INC
83693,SEBL,SIEBEL SYSTEMS INC
83699,TIE,TITANIUM METALS CORP
83862,ETFC,E TRADE FINANCIAL CORP
83906,SRCL,STERICYCLE INC
83976,ANF,ABERCROMBIE & FITCH CO
83981,CPN,CALPINE CORP
83988,GRA,GRACE W R & CO DEL
84001,UVN,UNIVISION COMMUNICATIONS INC
84020,RX,I M S HEALTH INC
84032,NOV,N O V INC
84036,TSG,SABRE HOLDINGS CORP
84129,ZION,ZIONS BANCORPORATION N A
84176,SSP,E W SCRIPPS CO
84262,STLD,STEEL DYNAMICS INC
84342,MWW,MONSTER WORLDWIDE INC
84372,VYX,N C R VOYIX CORP
84373,DGX,QUEST DIAGNOSTICS INC
84375,TEN,TENNECO INC DE
84381,ROK,ROCKWELL AUTOMATION INC
84519,CIEN,CIENA CORP
84761,TTWO,TAKE TWO INTERACTIVE SOFTWR INC
84769,APH,AMPHENOL CORP NEW
84788,AMZN,AMAZON COM INC
85032,Q,QWEST COMMUNICATIONS INTL INC
85035,QRVO,QORVO INC
85072,RL,RALPH LAUREN CORP
85073,PVN,PROVIDIAN FINANCIAL CORP
85257,AME,AMETEK INC NEW
85269,VLO,VALERO ENERGY CORP NEW
85271,ACAS,AMERICAN CAPITAL LTD
85348,YUM,YUM BRANDS INC
85459,CHRW,CH ROBINSON WORLDWIDE INC
85516,PWER,POWER ONE INC
85522,AMCC,APPLIED MICRO CIRCUITS CORP
85593,AMG,AFFILIATED MANAGERS GROUP INC
85599,CIT,C I T GROUP INC
85621,MTD,METTLER TOLEDO INTERNATIONAL INC
85631,ADSK,AUTODESK INC
85663,URI,UNITED RENTALS INC
85675,EVHC,ENVISION HEALTHCARE CORP
85753,VRSN,VERISIGN INC
85792,PWR,QUANTA SERVICES INC
85869,BMG,BATTLE MOUNTAIN GOLD CO
85908,GRA,GRACE W R & CO DEL NEW
85913,MAR,MARRIOTT INTERNATIONAL INC NEW
85914,BBY,BEST BUY COMPANY INC
85926,SEE,SEALED AIR CORP NEW
85963,BRCM,BROADCOM CORP
85991,LVLT,LEVEL 3 COMMUNICATIONS INC
86021,LLL,L 3 TECHNOLOGIES INC
86041,YNR,YOUNG & RUBICAM INC
86102,FHI,FEDERATED HERMES INC
86111,AMT,AMERICAN TOWER CORP
86136,SRE,SEMPRA ENERGY
86158,CTSH,COGNIZANT TECHNOLOGY SOLS CORP
86176,KG,KING PHARMACEUTICALS INC
86228,RSG,REPUBLIC SERVICES INC
86239,CFIP,C F & I STEEL CORP
86288,CSGP,COSTAR GROUP INC
86305,CVG,CONVERGYS CORP
86339,CCI,CROWN CASTLE INTERNATIONAL CORP
86356,EBAY,EBAY INC
86414,PCS,SPRINT CORP
86496,CNXT,CONEXANT SYSTEMS INC
86580,NVDA,NVIDIA CORP
86591,DPH,DELPHI CORP
86725,LIFE,LIFE TECHNOLOGIES CORP
86756,PBG,PEPSI BOTTLING GROUP INC
86783,BKNG,BOOKING HOLDINGS INC
86799,CNX,C N X RESOURCES CORP
86845,CBH,COMMERCE BANCORP INC NJ
86868,GS,GOLDMAN SACHS GROUP INC
86946,RAI,REYNOLDS AMERICAN INC
86964,FFIV,F 5 INC
86976,CNC,CONSECO INC
86979,JNPR,JUNIPER NETWORKS INC
86996,SBAC,S B A COMMUNICATIONS CORP
87029,COC,CONOCO INC
87034,LII,LENNOX INTERNATIONAL INC
87055,COST,COSTCO WHOLESALE CORP NEW
87070,HCBK,HUDSON CITY BANCORP INC
87127,CYM,CYPRUS AMAX MINERALS CO
87137,DVN,DEVON ENERGY CORP NEW
87184,RHT,RED HAT INC
87267,BLK,BLACKROCK INC NEW
87292,PTV,PACTIV CORP
87299,AKAM,AKAMAI TECHNOLOGIES INC
87432,A,AGILENT TECHNOLOGIES INC
87445,TDY,TELEDYNE TECHNOLOGIES
87447,UPS,UNITED PARCEL SERVICE INC
87536,JHF,HANCOCK JOHN FINANCIAL SVCS INC
87541,PKG,PACKAGING CORP AMERICA
87657,EW,EDWARDS LIFESCIENCES CORP
87717,EXPD,EXPEDITORS INTERNATIONAL WA INC
87800,PALM,PALM INC
87842,MET,METLIFE INC
88031,MNST,MONSTER BEVERAGE CORP NEW
88182,ON,ON SEMICONDUCTOR CORP
88281,CRL,CHARLES RIVER LABS INTL INC
88313,JNS,JANUS CAP GROUP INC
88319,VC,VISTEON CORP
88352,ISRG,INTUITIVE SURGICAL INC
88388,UMG,MEDIAONE GROUP INC
88436,ENDP,ENDO HEALTH SOLUTIONS INC
88446,ILMN,ILLUMINA INC
88587,AV,AVAYA INC
88590,DNB,DUN & BRADSTREET CORP DEL NEW
88601,MIR,MIRANT CORP
88661,TPR,TAPESTRY INC
88664,JKHY,HENRY JACK & ASSOC INC
88668,MON,MONSANTO CO NEW
88845,AET,AETNA INC NEW
88853,FLR,FLUOR CORP NEW
88860,ALGN,ALIGN TECHNOLOGY INC
88873,GPN,GLOBAL PAYMENTS INC
88991,BTU,PEABODY ENERGY CORP
89001,AWE,A T & T WIRELESS SVCS INC
89002,BFH,BREAD FINANCIAL HOLDINGS INC
89003,FIS,FIDELITY NATIONAL INFO SVCS INC
89004,FTI,F M C TECHNOLOGIES INC
89006,MDLZ,MONDELEZ INTERNATIONAL INC
89014,COL,ROCKWELL COLLINS INC
89031,AXON,AXON ENTERPRISE INC
89070,ZBH,ZIMMER BIOMET HOLDINGS INC
89105,JOY,JOY GLOBAL INC
89179,ELV,ELEVANCE HEALTH INC
89195,PFG,PRINCIPAL FINANCIAL GROUP INC
89216,AYI,ACUITY BRANDS INC
89217,AAP,ADVANCE AUTO PARTS INC
89258,PRU,PRUDENTIAL FINANCIAL INC
89269,CNC,CENTENE CORP DEL
89301,GME,GAMESTOP CORP NEW
89392,KWP,KING WORLD PRODUCTIONS INC
89393,NFLX,NETFLIX INC
89463,CIT,C I T GROUP INC NEW
89495,TAP,TRAVELERS PPTY CASUALTY CORP NEW
89508,KMX,CARMAX INC
89509,XEC,CIMAREX ENERGY CO
89525,CMCSA,COMCAST CORP NEW
89533,WYNN,WYNN RESORTS LTD
89565,CMCSK,COMCAST CORP NEW
89617,EQIX,EQUINIX INC
89626,CME,C M E GROUP INC
89757,SHLD,SEARS HOLDINGS CORP
89781,MOH,MOLINA HEALTHCARE INC
89813,MHS,MEDCO HEALTH SOLUTIONS INC
89866,LKQ,L K Q CORP
89954,DTV,DIRECTV
90038,AIZ,ASSURANT INC
90071,NRG,N R G ENERGY INC
90090,SBNY,SIGNATURE BANK NEW YORK N Y
90110,HSP,HOSPIRA INC
90162,GNW,GENWORTH FINANCIAL INC
90199,CBRE,C B R E GROUP INC
90215,CRM,SALESFORCE INC
90248,DPZ,DOMINOS PIZZA INC
90272,WCG,WELLCARE HEALTH PLANS INC
90319,GOOGL,ALPHABET INC
90352,DYN,DYNEGY INC NEW DEL
90386,MOS,MOSAIC CO NEW
90435,FSL,FREESCALE SEMICONDUCTOR INC
90441,TFCFA,TWENTY FIRST CENTURY FOX INC
90442,TFCF,TWENTY FIRST CENTURY FOX INC
90454,MKTX,MARKETAXESS HLDGS INC
90455,MPWR,MONOLITHIC PWR SYS INC
90505,LVS,LAS VEGAS SANDS CORP
90520,CE,CELANESE CORP DEL
90537,NE,NOBLE DRILLING CORP
90547,ANR,ALPHA NATURAL RESOURCES INC
90601,NDAQ,NASDAQ INC
90609,NOVL,NOVELL INC
90664,DXCM,DEXCOM INC
90720,BLDR,BUILDERS FIRSTSOURCE INC
90721,GOSHA,OSHKOSH B GOSH INC
90805,DISCA,DISCOVERY INC
90808,EXPE,EXPEDIA GROUP INC
90829,CF,C F INDUSTRIES HOLDINGS INC
90880,AMP,AMERIPRISE FINANCIAL INC
90979,UAA,UNDER ARMOUR INC
90993,ICE,INTERCONTINENTALEXCHANGE GRP INC
91041,LYV,LIVE NATION ENTERTAINMENT INC
91063,VIAB,VIACOM INC NEW
91068,CMG,CHIPOTLE MEXICAN GRILL INC
91103,UAL,UNITED AIRLINES HOLDINGS INC
91143,NYX,N Y S E EURONEXT
91152,TDG,TRANSDIGM GROUP INC
91207,HOT,STARWOOD HOTELS & REST WLDWD INC
91218,EQ,EMBARQ CORP
91233,MA,MASTERCARD INC
91380,RBK,REEBOK INTERNATIONAL LTD
91388,H,REALOGY CORP
91391,WIN,WINDSTREAM HOLDINGS INC
91392,TNL,TRAVEL & LEISURE CO
91416,HBI,HANESBRANDS INC
91461,WU,WESTERN UNION CO
91547,LDOS,LEIDOS HOLDINGS INC
91556,ROST,ROSS STORES INC
91611,FSLR,FIRST SOLAR INC
91650,SE,SPECTRA ENERGY CORP
91668,IPGP,I P G PHOTONICS CORP
91849,BR,BROADRIDGE FINANCIAL SOLUTNS INC
91883,TWC,TIME WARNER CABLE INC
91907,SMCI,SUPER MICRO COMPUTER INC
91926,DAL,DELTA AIR LINES INC
91937,TMUS,T MOBILE U S INC
92050,PODD,INSULET CORP
92108,BX,BLACKSTONE INC
92121,DFS,DISCOVER FINANCIAL SERVICES
92203,LULU,LULULEMON ATHLETICA INC
92239,CXO,CONCHO RESOURCES INC
92293,TDC,TERADATA CORP DE
92322,ULTA,ULTA BEAUTY INC
92402,MSCI,M S C I INC
92602,PM,PHILIP MORRIS INTERNATIONAL INC
92611,V,VISA INC
92614,AWK,AMERICAN WATER WORKS CO INC
92618,DPS,DR PEPPER SNAPPLE GROUP INC
92655,UNH,UNITEDHEALTH GROUP INC
92709,SNI,SCRIPPS NETWORKS INTERACTIVE INC
92772,ILG,I L G INC
92778,DISCK,DISCOVERY INC
92890,MJN,MEAD JOHNSON NUTRITION CO
92988,CFN,CAREFUSION CORP
93002,AVGO,BROADCOM INC
93089,VRSK,VERISK ANALYTICS INC
93096,DG,DOLLAR GENERAL CORP NEW
93132,FTNT,FORTINET INC
93246,GNRC,GENERAC HOLDINGS INC
93422,QEP,Q E P RESOURCES INC
93429,CBOE,C B O E GLOBAL MARKETS INC
93436,TSLA,TESLA INC
